SIGUNGU_CD,SIGUNGU_NM,CURRENT_VISITOR,NORMAL_VISITOR,NORMAL_COMPARE,CONGESTION_SCORE,ABSOLUTE_SCORE,CONGESTION_LEVEL
11110,종로구,465896.23,522001.4532531557,-10.7,39.3,42.8,여유
11140,중구,500280.32,559315.4871420057,-10.6,39.4,46.0,여유
11170,용산구,409426.42,448983.8543979664,-8.8,41.2,37.6,보통
11200,성동구,324616.19,339493.29727138847,-4.4,45.6,29.6,보통
11215,광진구,363765.18,382500.4410259467,-4.9,45.1,33.3,보통
11230,동대문구,297624.51,318041.0121086957,-6.4,43.6,27.1,보통
11260,중랑구,263446.96,268470.5335280505,-1.9,48.1,23.9,보통
11290,성북구,335498.59,355862.2035098177,-5.7,44.3,30.7,보통
11305,강북구,221874.09,222711.5709842216,-0.4,49.6,20.0,보통
11320,도봉구,212382.45,219623.62372370268,-3.3,46.7,19.2,보통
11350,노원구,436379.63,446602.0499295232,-2.3,47.7,40.1,보통
11380,은평구,264019.36,266054.1098958626,-0.8,49.2,24.0,보통
11410,서대문구,359691.51,382039.0599088359,-5.8,44.2,32.9,보통
11440,마포구,536055.48,564137.1110925666,-5.0,45.0,49.4,보통
11470,양천구,266057.82,269087.4271023843,-1.1,48.9,24.2,보통
11500,강서구,449755.53,467427.6256065919,-3.8,46.2,41.3,보통
11530,구로구,358959.31,369004.4074386396,-2.7,47.3,32.8,보통
11545,금천구,155792.31,158055.61169424967,-1.4,48.6,13.9,보통
11560,영등포구,538283.79,564985.2854207574,-4.7,45.3,49.6,보통
11590,동작구,312898.93,332647.6298986676,-5.9,44.1,28.5,보통
11620,관악구,382768.04,393952.25039761566,-2.8,47.2,35.1,보통
11650,서초구,765579.08,799269.9333625524,-4.2,45.8,70.8,보통
11680,강남구,1067396.73,1100615.0821970548,-3.0,47.0,99.0,보통
11710,송파구,727300.11,741807.7179989482,-2.0,48.0,67.3,보통
11740,강동구,391841.09,391689.2594218093,0.0,50.0,35.9,보통
26110,중구,174281.91,151831.04809396915,14.8,64.8,15.6,혼잡
26140,서구,117613.94,109497.59166199158,7.4,57.4,10.3,보통
26170,동구,172634.42,151470.22443934082,14.0,64.0,15.4,혼잡
26200,영도구,122981.46,114926.8911441094,7.0,57.0,10.8,보통
26230,부산진구,444410.48,406279.99926998594,9.4,59.4,40.8,보통
26260,동래구,271141.33,245710.207875526,10.4,60.4,24.6,혼잡
26290,남구,229141.5,219767.25107047684,4.3,54.3,20.7,보통
26320,북구,234599.29,218486.7764596774,7.4,57.4,21.2,보통
26350,해운대구,467102.93,434651.9266374474,7.5,57.5,42.9,보통
26380,사하구,223557.23,210204.39184151476,6.4,56.4,20.2,보통
26410,금정구,204044.64,196055.8954028752,4.1,54.1,18.4,보통
26440,강서구,208416.57,209044.0321686536,-0.3,49.7,18.8,보통
26470,연제구,173331.06,157398.78816409537,10.1,60.1,15.5,혼잡
26500,수영구,221652.16,203385.56740217397,9.0,59.0,20.0,보통
26530,사상구,174031.73,165640.43439095368,5.1,55.1,15.6,보통
26710,기장군,228086.93,215654.49526858344,5.8,55.8,20.6,보통
27110,중구,294629.34,259747.41306346425,13.4,63.4,26.8,혼잡
27140,동구,384981.26,358992.27879453014,7.2,57.2,35.3,보통
27170,서구,130560.83,120025.74333485274,8.8,58.8,11.5,보통
27200,남구,148171.23,135975.39774158486,9.0,59.0,13.2,보통
27230,북구,398807.49,384861.0406753156,3.6,53.6,36.6,보통
27260,수성구,398664.29,370945.66518408136,7.5,57.5,36.6,보통
27290,달서구,471824.6,445855.3247759467,5.8,55.8,43.4,보통
27710,달성군,196418.95,193262.02135834505,1.6,51.6,17.7,보통
27720,군위군,29157.55,31161.53993828892,-6.4,43.6,2.0,보통
28110,중구,434176.14,449668.4314782608,-3.4,46.6,39.9,보통
28140,동구,43801.54,46875.37888744741,-6.6,43.4,3.4,보통
28177,미추홀구,312986.97,311469.68249438994,0.5,50.5,28.6,보통
28185,연수구,341228.62,359680.87490147265,-5.1,44.9,31.2,보통
28200,남동구,361514.57,365206.31218863954,-1.0,49.0,33.1,보통
28237,부평구,354222.21,353448.51503681624,0.2,50.2,32.4,보통
28245,계양구,196550.53,204259.0483537868,-3.8,46.2,17.7,보통
28260,서구,478203.82,489751.5380357644,-2.4,47.6,44.0,보통
28710,강화군,79811.41,92078.94219810658,-13.3,36.7,6.8,여유
28720,옹진군,22968.94,28075.115214586254,-18.2,31.8,1.5,여유
29110,동구,165473.1,156610.31499824685,5.7,55.7,14.8,보통
29140,서구,346705.04,323329.5205894109,7.2,57.2,31.7,보통
29155,남구,125491.07,114574.82875140251,9.5,59.5,11.0,보통
29170,북구,389234.59,372902.0755308555,4.4,54.4,35.7,보통
29200,광산구,375100.28,357518.8064761571,4.9,54.9,34.4,보통
30110,동구,205669.35,205067.1213671108,0.3,50.3,18.5,보통
30140,중구,257417.62,243874.117477209,5.6,55.6,23.4,보통
30170,서구,454472.05,430046.2852251052,5.7,55.7,41.8,보통
30200,유성구,389536.46,401123.8114158485,-2.9,47.1,35.7,보통
30230,대덕구,148225.71,149795.41725596075,-1.0,49.0,13.2,보통
31110,중구,177096.78,169259.24628366058,4.6,54.6,15.9,보통
31140,남구,354021.2,328545.7188341515,7.8,57.8,32.4,보통
31170,동구,125384.62,124421.03874789622,0.8,50.8,11.0,보통
31200,북구,185735.42,187390.8161125526,-0.9,49.1,16.7,보통
31710,울주군,235462.16,231812.05113008412,1.6,51.6,21.3,보통
36110,세종특별자치시,285612.81,290862.6435669706,-1.8,48.2,26.0,보통
41110,수원시,1077820.32,1073355.9679375875,0.4,50.4,100.0,보통
41111,수원시 장안구,265052.74,263111.1507640252,0.7,50.7,24.1,보통
41113,수원시 권선구,272075.53,270317.03798036464,0.7,50.7,24.7,보통
41115,수원시 팔달구,321572.65,312762.99858941097,2.8,52.8,29.4,보통
41117,수원시 영통구,326816.85,330801.0164312763,-1.2,48.8,29.8,보통
41130,성남시,888621.39,913560.5664582748,-2.7,47.3,82.3,보통
41131,성남시 수정구,221082.05,227613.3792987377,-2.9,47.1,20.0,보통
41133,성남시 중원구,139757.1,143113.39795862552,-2.3,47.7,12.4,보통
41135,성남시 분당구,563222.83,577648.6336290323,-2.5,47.5,51.9,보통
41150,의정부시,347896.0,351408.68247124826,-1.0,49.0,31.8,보통
41170,안양시,453781.07,460643.67965778406,-1.5,48.5,41.7,보통
41171,안양시 만안구,179787.74,186956.8835073633,-3.8,46.2,16.1,보통
41173,안양시 동안구,283207.27,282795.2788292426,0.1,50.1,25.8,보통
41190,부천시,677445.41,671746.1723138149,0.8,50.8,62.6,보통
41192,부천시 원미구,426599.89,418174.7393106592,2.0,52.0,39.2,보통
41194,부천시 소사구,174547.1,173192.43227629733,0.8,50.8,15.6,보통
41196,부천시 오정구,109644.95,112810.26076507714,-2.8,47.2,9.6,보통
41210,광명시,231606.53,238378.82907152877,-2.8,47.2,21.0,보통
41220,평택시,430289.96,446393.5685813464,-3.6,46.4,39.5,보통
41250,동두천시,75487.46,77079.19850771388,-2.1,47.9,6.4,보통
41270,안산시,496472.36,505872.4704221599,-1.9,48.1,45.7,보통
41271,안산시 상록구,189324.23,192471.6100192847,-1.6,48.4,17.0,보통
41273,안산시 단원구,325769.0,331201.53017180925,-1.6,48.4,29.7,보통
41280,고양시,876987.08,914517.6024863254,-4.1,45.9,81.2,보통
41281,고양시 덕양구,373599.2,397187.0871395512,-5.9,44.1,34.2,보통
41285,고양시 일산동구,311163.63,316776.4911009818,-1.8,48.2,28.4,보통
41287,고양시 일산서구,233560.94,243329.53599929877,-4.0,46.0,21.1,보통
41290,과천시,95981.61,111251.78820231416,-13.7,36.3,8.3,여유
41310,구리시,242719.36,253419.3305971248,-4.2,45.8,22.0,보통
41360,남양주시,509766.08,532394.3415518934,-4.3,45.7,46.9,보통
41370,오산시,202688.34,207407.7172482469,-2.3,47.7,18.2,보통
41390,시흥시,335347.87,356982.93401823286,-6.1,43.9,30.6,보통
41410,군포시,205275.07,207316.9499042777,-1.0,49.0,18.5,보통
41430,의왕시,129503.93,143676.88730364657,-9.9,40.1,11.4,보통
41450,하남시,314081.42,327698.3820718794,-4.2,45.8,28.7,보통
41460,용인시,865772.38,896520.2966469144,-3.4,46.6,80.2,보통
41461,용인시 처인구,256307.37,272200.86585448805,-5.8,44.2,23.3,보통
41463,용인시 기흥구,372148.51,383354.3962650772,-2.9,47.1,34.1,보통
41465,용인시 수지구,259678.08,264240.5010252454,-1.7,48.3,23.6,보통
41480,파주시,344435.0,363638.08581872366,-5.3,44.7,31.5,보통
41500,이천시,219840.73,227981.3414221599,-3.6,46.4,19.9,보통
41550,안성시,193299.3,209283.86330329592,-7.6,42.4,17.4,보통
41570,김포시,392918.66,415818.5534309257,-5.5,44.5,36.0,보통
41590,화성시,718435.21,759882.018807153,-5.5,44.5,66.4,보통
41610,광주시,304518.34,323404.3546732118,-5.8,44.2,27.8,보통
41630,양주시,228201.51,242204.9155687237,-5.8,44.2,20.6,보통
41650,포천시,138087.3,149977.9004326788,-7.9,42.1,12.2,보통
41670,여주시,121398.43,134811.10871143057,-9.9,40.1,10.7,보통
41800,연천군,43427.62,47018.35759957924,-7.6,42.4,3.4,보통
41820,가평군,94961.27,101708.4059663394,-6.6,43.4,8.2,보통
41830,양평군,135816.52,149606.61148106592,-9.2,40.8,12.0,보통
43110,청주시,664569.77,659765.2307275597,0.7,50.7,61.4,보통
43111,청주시 상당구,175584.46,171998.0444004208,2.1,52.1,15.7,보통
43112,청주시 서원구,146173.85,140567.84856030854,4.0,54.0,13.0,보통
43113,청주시 흥덕구,239605.05,237839.8375213885,0.7,50.7,21.7,보통
43114,청주시 청원구,163672.44,164362.74062342217,-0.4,49.6,14.6,보통
43130,충주시,231578.02,241564.6607601683,-4.1,45.9,20.9,보통
43150,제천시,98773.87,102983.04061991585,-4.1,45.9,8.5,보통
43720,보은군,38725.67,39909.33147896213,-3.0,47.0,2.9,보통
43730,옥천군,61295.2,64559.10513499299,-5.1,44.9,5.0,보통
43740,영동군,44170.43,46307.65229417953,-4.6,45.4,3.4,보통
43745,증평군,40677.07,42171.82830259467,-3.5,46.5,3.1,보통
43750,진천군,67841.0,72290.55037517531,-6.2,43.8,5.7,보통
43760,괴산군,38597.0,45905.83745617111,-15.9,34.1,2.9,여유
43770,음성군,93294.87,103692.33809081346,-10.0,40.0,8.0,보통
43800,단양군,38313.03,39125.96712447406,-2.1,47.9,2.9,보통
44130,천안시,483778.55,490704.0898323984,-1.4,48.6,44.5,보통
44131,천안시 동남구,252041.19,257776.81402559608,-2.2,47.8,22.9,보통
44133,천안시 서북구,256203.95,255613.65074929877,0.2,50.2,23.2,보통
44150,공주시,98551.5,110567.92443057505,-10.9,39.1,8.5,여유
44180,보령시,114034.13,118501.86158134644,-3.8,46.2,10.0,보통
44200,아산시,271024.2,285535.85067215987,-5.1,44.9,24.6,보통
44210,서산시,141094.05,145633.0955403226,-3.1,46.9,12.5,보통
44230,논산시,105366.13,109335.64790638148,-3.6,46.4,9.2,보통
44250,계룡시,38814.35,37990.482017531554,2.2,52.2,2.9,보통
44270,당진시,154362.94,167470.51697650773,-7.8,42.2,13.7,보통
44710,금산군,50584.61,58151.33975140253,-13.0,37.0,4.0,여유
44760,부여군,70167.46,72765.70287237027,-3.6,46.4,5.9,보통
44770,서천군,57466.74,61843.25208380084,-7.1,42.9,4.7,보통
44790,청양군,27651.46,26723.54528260869,3.5,53.5,1.9,보통
44800,홍성군,83518.57,86018.33306136045,-2.9,47.1,7.1,보통
44810,예산군,85634.5,88314.18992847124,-3.0,47.0,7.3,보통
44825,태안군,77735.76,83713.08059642356,-7.1,42.9,6.6,보통
46110,목포시,266501.18,252274.71721633943,5.6,55.6,24.2,보통
46130,여수시,247819.8,235416.69843127628,5.3,55.3,22.5,보통
46150,순천시,252867.68,243754.99392145863,3.7,53.7,22.9,보통
46170,나주시,115453.55,115061.279970547,0.3,50.3,10.1,보통
46230,광양시,117635.95,114545.92093723702,2.7,52.7,10.3,보통
46710,담양군,63376.9,68076.23338569424,-6.9,43.1,5.2,보통
46720,곡성군,24308.03,25609.50529628331,-5.1,44.9,1.6,보통
46730,구례군,27786.18,28488.254618162693,-2.5,47.5,1.9,보통
46770,고흥군,48904.13,47470.89222545582,3.0,53.0,3.9,보통
46780,보성군,38976.23,39745.25453436185,-1.9,48.1,3.0,보통
46790,화순군,73120.18,73155.0522962833,-0.0,50.0,6.1,보통
46800,장흥군,40477.55,40512.84508555399,-0.1,49.9,3.1,보통
46810,강진군,36480.09,37040.50651086956,-1.5,48.5,2.7,보통
46820,해남군,60564.7,60036.55946914446,0.9,50.9,5.0,보통
46830,영암군,58497.31,61547.215824333805,-5.0,45.0,4.8,보통
46840,무안군,108003.95,106542.36084852734,1.4,51.4,9.4,보통
46860,함평군,25272.08,26790.313816970545,-5.7,44.3,1.7,보통
46870,영광군,49196.34,51358.35374053296,-4.2,45.8,3.9,보통
46880,장성군,43002.13,48233.33720511921,-10.8,39.2,3.3,여유
46890,완도군,55821.76,53817.46725561009,3.7,53.7,4.5,보통
46900,진도군,33793.65,33488.16388253857,0.9,50.9,2.5,보통
46910,신안군,35721.64,40979.15542496493,-12.8,37.2,2.7,여유
47110,포항시,455507.23,437393.9980529453,4.1,54.1,41.9,보통
47111,포항시 남구,213984.02,206124.3861286816,3.8,53.8,19.3,보통
47113,포항시 북구,271845.0,256847.04637587655,5.8,55.8,24.7,보통
47130,경주시,311779.01,300952.86466234224,3.6,53.6,28.4,보통
47150,김천시,120918.36,120831.11351402524,0.1,50.1,10.6,보통
47170,안동시,166037.44,163981.23586500704,1.3,51.3,14.8,보통
47190,구미시,291159.96,287268.3353148668,1.4,51.4,26.5,보통
47210,영주시,97276.06,96667.44784186536,0.6,50.6,8.4,보통
47230,영천시,86079.42,87245.71530925666,-1.3,48.7,7.4,보통
47250,상주시,90963.31,93943.61822440394,-3.2,46.8,7.8,보통
47280,문경시,63824.14,63655.55141760168,0.3,50.3,5.3,보통
47290,경산시,207300.52,206541.4526802244,0.4,50.4,18.7,보통
47730,의성군,43967.53,46410.27465883591,-5.3,44.7,3.4,보통
47750,청송군,27568.76,29286.163304698453,-5.9,44.1,1.9,보통
47760,영양군,11804.43,12914.955629032258,-8.6,41.4,0.4,보통
47770,영덕군,58955.0,55060.05130224404,7.1,57.1,4.8,보통
47820,청도군,47817.7,49214.44586325386,-2.8,47.2,3.8,보통
47830,고령군,28930.57,31062.99414551192,-6.9,43.1,2.0,보통
47840,성주군,43697.8,45207.26850455821,-3.3,46.7,3.4,보통
47850,칠곡군,106691.06,107674.16061851331,-0.9,49.1,9.3,보통
47900,예천군,48188.42,48776.0757275596,-1.2,48.8,3.8,보통
47920,봉화군,21446.44,22615.71042531557,-5.2,44.8,1.3,보통
47930,울진군,60051.49,57165.193673211776,5.0,55.0,4.9,보통
47940,울릉군,7329.84,8574.968037868162,-14.5,35.5,0.0,여유
48120,창원시,880554.68,851448.6095497897,3.4,53.4,81.6,보통
48121,창원시 의창구,222210.44,214870.00427173916,3.4,53.4,20.1,보통
48123,창원시 성산구,246061.11,240973.16851367464,2.1,52.1,22.3,보통
48125,창원시 마산합포구,180490.33,175422.34772545582,2.9,52.9,16.2,보통
48127,창원시 마산회원구,161383.94,146915.35280575036,9.8,59.8,14.4,보통
48129,창원시 진해구,140350.44,135203.7116837307,3.8,53.8,12.4,보통
48170,진주시,234874.96,230811.2522289621,1.8,51.8,21.3,보통
48220,통영시,134367.01,123304.60259046283,9.0,59.0,11.9,보통
48240,사천시,101943.21,101505.76461886396,0.4,50.4,8.8,보통
48250,김해시,431078.06,418782.5036420056,2.9,52.9,39.6,보통
48270,밀양시,104488.39,106043.35823106593,-1.5,48.5,9.1,보통
48310,거제시,306700.88,294891.3887664797,4.0,54.0,28.0,보통
48330,양산시,300369.4,291691.5401097476,3.0,53.0,27.4,보통
48720,의령군,25997.45,27403.6868197756,-5.1,44.9,1.7,보통
48730,함안군,60377.96,62904.42156065919,-4.0,46.0,5.0,보통
48740,창녕군,57417.49,59077.64357082749,-2.8,47.2,4.7,보통
48820,고성군,52333.83,56070.35449333801,-6.7,43.3,4.2,보통
48840,남해군,52144.03,49336.2735,5.7,55.7,4.2,보통
48850,하동군,34928.65,36229.96546528752,-3.6,46.4,2.6,보통
48860,산청군,31333.26,34488.52444530154,-9.1,40.9,2.2,보통
48870,함양군,46303.03,46957.1266171108,-1.4,48.6,3.6,보통
48880,거창군,55812.99,55932.10491129033,-0.2,49.8,4.5,보통
48890,합천군,38630.73,40099.789911290325,-3.7,46.3,2.9,보통
50110,제주시,658666.64,629632.491306101,4.6,54.6,60.8,보통
50130,서귀포시,273390.79,271879.47689446004,0.6,50.6,24.9,보통
51110,춘천시,298712.22,304491.7061697055,-1.9,48.1,27.2,보통
51130,원주시,329111.4,336087.7672429873,-2.1,47.9,30.1,보통
51150,강릉시,291535.56,277927.31307293125,4.9,54.9,26.5,보통
51170,동해시,105167.99,100669.9184877279,4.5,54.5,9.1,보통
51190,태백시,50673.58,49872.51828506311,1.6,51.6,4.0,보통
51210,속초시,155567.95,140629.89038674615,10.6,60.6,13.8,혼잡
51230,삼척시,75178.77,75225.5217331697,-0.1,49.9,6.3,보통
51720,홍천군,101873.23,101410.9706237728,0.5,50.5,8.8,보통
51730,횡성군,49838.58,55296.726336255255,-9.9,40.1,4.0,보통
51750,영월군,32779.33,35213.26159431978,-6.9,43.1,2.4,보통
51760,평창군,93445.83,85281.92773352034,9.6,59.6,8.0,보통
51770,정선군,58058.86,54891.84481065919,5.8,55.8,4.7,보통
51780,철원군,41276.37,43570.746537868166,-5.3,44.7,3.2,보통
51790,화천군,33205.06,29865.35369775596,11.2,61.2,2.4,혼잡
51800,양구군,22386.54,23498.084565918656,-4.7,45.3,1.4,보통
51810,인제군,38529.7,42079.30675666199,-8.4,41.6,2.9,보통
51820,고성군,58434.63,54307.60465007013,7.6,57.6,4.8,보통
51830,양양군,66830.13,65194.29064656381,2.5,52.5,5.6,보통
52110,전주시,597420.2,570899.4536048387,4.6,54.6,55.1,보통
52111,전주시 완산구,332577.8,312125.58142215986,6.6,56.6,30.4,보통
52113,전주시 덕진구,299877.18,287381.150727209,4.3,54.3,27.3,보통
52130,군산시,267707.39,264503.0828183731,1.2,51.2,24.3,보통
52140,익산시,274770.05,270780.2266739131,1.5,51.5,25.0,보통
52180,정읍시,91313.93,91082.10050806453,0.3,50.3,7.8,보통
52190,남원시,79834.46,78696.45573001403,1.4,51.4,6.8,보통
52210,김제시,72754.64,74062.51162026648,-1.8,48.2,6.1,보통
52710,완주군,92757.64,99924.81733204768,-7.2,42.8,8.0,보통
52720,진안군,18352.12,20286.04656346424,-9.5,40.5,1.0,보통
52730,무주군,52398.49,43500.817936535765,20.5,70.5,4.2,혼잡
52740,장수군,15259.19,16520.201365708275,-7.6,42.4,0.7,보통
52750,임실군,29444.84,31934.60696879383,-7.8,42.2,2.1,보통
52770,순창군,19923.84,22256.913971248247,-10.5,39.5,1.2,여유
52790,고창군,52250.7,54021.9001858345,-3.3,46.7,4.2,보통
52800,부안군,61116.75,59939.55178295933,2.0,52.0,5.0,보통
