SIGUNGU_CD,SIGUNGU_NM,CURRENT_VISITOR,NORMAL_VISITOR,NORMAL_COMPARE,CONGESTION_SCORE,ABSOLUTE_SCORE,CONGESTION_LEVEL,AREA_KM2,CURRENT_DENSITY,NORMAL_DENSITY,DENSITY_SCORE
11110,종로구,465896.23,522001.4532531557,-10.7,39.3,42.8,여유,23.97284080264516,19434.335456338285,21774.701527887264,86.97901757787359
11140,중구,500280.32,559315.4871420057,-10.6,39.4,46.0,여유,9.982468738228595,50115.8914812465,56029.77598117248,98.51889891373587
11170,용산구,409426.42,448983.8543979664,-8.8,41.2,37.6,보통,21.876323365719745,18715.504116270848,20523.73458245389,86.51990135656024
11200,성동구,324616.19,339493.29727138847,-4.4,45.6,29.6,보통,16.80449330166797,19317.225706994654,20202.53102410956,86.90538966756097
11215,광진구,363765.18,382500.4410259467,-4.9,45.1,33.3,보통,17.035931189412523,21352.82045668701,22452.570204302232,88.12583416696836
11230,동대문구,297624.51,318041.0121086957,-6.4,43.6,27.1,보통,14.266370424314571,20861.964266170344,22293.05721423366,87.84253297056578
11260,중랑구,263446.96,268470.5335280505,-1.9,48.1,23.9,보통,18.52317733701632,14222.557782974593,14493.762524831243,83.17578213441553
11290,성북구,335498.59,355862.2035098177,-5.7,44.3,30.7,보통,24.56022195550145,13660.242590961148,14489.372455777222,82.6843869739129
11305,강북구,221874.09,222711.5709842216,-0.4,49.6,20.0,보통,23.62058837015116,9393.249927693489,9428.705479058155,78.12253717704895
11320,도봉구,212382.45,219623.62372370268,-3.3,46.7,19.2,보통,20.689383824578883,10265.286380722984,10615.281034266034,79.20393139142816
11350,노원구,436379.63,446602.0499295232,-2.3,47.7,40.1,보통,35.563991345823275,12270.265892167628,12557.703256273378,81.37719573523864
11380,은평구,264019.36,266054.1098958626,-0.8,49.2,24.0,보통,29.773890352542583,8867.479421527918,8935.819496397873,77.42090373167464
11410,서대문구,359691.51,382039.0599088359,-5.8,44.2,32.9,보통,17.674706412375222,20350.635626295687,21615.015887412155,87.54023792279298
11440,마포구,536055.48,564137.1110925666,-5.0,45.0,49.4,보통,23.84481825473183,22481.00506673493,23658.687814935125,88.75303498397933
11470,양천구,266057.82,269087.4271023843,-1.1,48.9,24.2,보통,17.45029512300529,15246.60861748105,15420.22213410234,84.0227341170676
11500,강서구,449755.53,467427.6256065919,-3.8,46.2,41.3,보통,41.42725681890698,10856.512463908452,11283.09382515674,79.88604187232046
11530,구로구,358959.31,369004.4074386396,-2.7,47.3,32.8,보통,20.083360769874805,17873.46819654018,18373.63834006055,85.95912064748859
11545,금천구,155792.31,158055.61169424967,-1.4,48.6,13.9,보통,13.010750033827089,11974.122137075135,12148.07841848591,81.07959305135479
11560,영등포구,538283.79,564985.2854207574,-4.7,45.3,49.6,보통,24.505717743287395,21965.64065737053,23055.24332481623,88.47052417365542
11590,동작구,312898.93,332647.6298986676,-5.9,44.1,28.5,보통,16.363617333109804,19121.62351577892,20328.4899131438,86.78141178668511
11620,관악구,382768.04,393952.25039761566,-2.8,47.2,35.1,보통,29.56322016269854,12947.440701434763,13325.755727202066,82.03156800569069
11650,서초구,765579.08,799269.9333625524,-4.2,45.8,70.8,보통,46.8853311605049,16328.754880266386,17047.334711711253,84.85802918254846
11680,강남구,1067396.73,1100615.0821970548,-3.0,47.0,99.0,보통,39.45777777461134,27051.617962297016,27893.488794121426,91.0075980515193
11710,송파구,727300.11,741807.7179989482,-2.0,48.0,67.3,보통,33.826824397377095,21500.69132875489,21929.57013299976,88.2099034589928
11740,강동구,391841.09,391689.2594218093,0.0,50.0,35.9,보통,24.53786764192307,15968.832162520004,15962.644559733715,84.58651658495002
26110,중구,174281.91,151831.04809396915,14.8,64.8,15.6,혼잡,3.0794645301676526,56594.8749507148,49304.36658924697,100.0
26140,서구,117613.94,109497.59166199158,7.4,57.4,10.3,보통,14.161564884297087,8305.15136998843,7732.026266631516,76.62287721749783
26170,동구,172634.42,151470.22443934082,14.0,64.0,15.4,혼잡,10.12453877142432,17051.08982220963,14960.703678359465,85.385326796626
26200,영도구,122981.46,114926.8911441094,7.0,57.0,10.8,보통,14.629440868799742,8406.436110780076,7855.863540842109,76.77052923205986
26230,부산진구,444410.48,406279.99926998594,9.4,59.4,40.8,보통,29.7445950216261,14940.881853556486,13658.952121371834,83.77598691234634
26260,동래구,271141.33,245710.207875526,10.4,60.4,24.6,혼잡,16.657066135554363,16277.856363987848,14751.10958172038,84.81999860766646
26290,남구,229141.5,219767.25107047684,4.3,54.3,20.7,보통,27.23556316825456,8413.319694710206,8069.128209789869,76.78049941277875
26320,북구,234599.29,218486.7764596774,7.4,57.4,21.2,보통,39.71292210146402,5907.379200165971,5501.654496777081,72.47327931131278
26350,해운대구,467102.93,434651.9266374474,7.5,57.5,42.9,보통,52.26311447834078,8937.525722727065,8316.609734721773,77.51674582294673
26380,사하구,223557.23,210204.3918415148,6.4,56.4,20.2,보통,47.455950775674566,4710.836604175533,4429.463289760141,69.71649787961556
26410,금정구,204044.64,196055.8954028752,4.1,54.1,18.4,보통,65.64731869628963,3108.1945775118543,2986.5027132320065,64.65213950626298
26440,강서구,208416.57,209044.0321686536,-0.3,49.7,18.8,보통,185.6592834211718,1122.5755381550346,1125.9551815377474,52.25240149738036
26470,연제구,173331.06,157398.78816409537,10.1,60.1,15.5,혼잡,12.134926500101022,14283.651408894568,12970.724475569345,83.22799606020027
26500,수영구,221652.16,203385.567402174,9.0,59.0,20.0,보통,10.335363052684194,21445.996514117112,19678.60890473052,88.1788752857231
26530,사상구,174031.73,165640.43439095368,5.1,55.1,15.6,보통,36.199354361377424,4807.592098539791,4575.784218065564,69.96412248833575
26710,기장군,228086.93,215654.49526858344,5.8,55.8,20.6,보통,219.6462144371428,1038.4286867155306,981.8265970174432,51.304071571423634
27110,중구,294629.34,259747.41306346425,13.4,63.4,26.8,혼잡,7.041103872356555,41844.19735046344,36890.15497743688,96.32144035706803
27140,동구,384981.26,358992.27879453014,7.2,57.2,35.3,보통,181.5568300801813,2120.444930824029,1977.2997723962667,59.99525228472214
27170,서구,130560.83,120025.74333485274,8.8,58.8,11.5,보통,17.40385390841466,7501.834403291251,6896.503726500543,75.38374725249074
27200,남구,148171.23,135975.39774158486,9.0,59.0,13.2,보통,17.79898941568598,8324.699034284438,7639.501016937052,76.65151334056789
27230,북구,398807.49,384861.0406753156,3.6,53.6,36.6,보통,93.67417063820706,4257.390135219811,4108.507585957122,68.48381134345036
27260,수성구,398664.29,370945.66518408136,7.5,57.5,36.6,보통,76.78771262425923,5191.771917347771,4830.794569949073,70.90049525464683
27290,달서구,471824.6,445855.3247759467,5.8,55.8,43.4,보통,62.516856560642886,7547.158093950526,7131.761724831064,75.45711769840983
27710,달성군,196418.95,193262.02135834505,1.6,51.6,17.7,보통,422.8041474176592,464.5624958971162,457.09585049891854,41.51948018499343
27720,군위군,29157.55,31161.53993828892,-6.4,43.6,2.0,보통,613.0735403780014,47.559628787799895,50.82838825351313,13.981925939417877
28110,중구,434176.14,449668.4314782608,-3.4,46.6,39.9,보통,148.4793806971205,2924.1510704147227,3028.4907531741974,63.908804215930246
28140,동구,43801.54,46875.37888744741,-6.6,43.4,3.4,보통,7.141879888008838,6133.054698041401,6563.4510272499565,72.92992641128284
28177,미추홀구,312986.97,311469.68249438994,0.5,50.5,28.6,보통,24.937973735759524,12550.617516738976,12489.77506331084,81.65238344548978
28185,연수구,341228.62,359680.87490147265,-5.1,44.9,31.2,보통,63.14786303844864,5403.644772464228,5695.85188785367,71.38767912461468
28200,남동구,361514.57,365206.31218863954,-1.0,49.0,33.1,보통,57.56496494061964,6280.114482357723,6344.246236671266,73.2185430163458
28237,부평구,354222.21,353448.51503681624,0.2,50.2,32.4,보통,32.092530367479846,11037.528233016556,11013.419976225196,80.0874701460209
28245,계양구,196550.53,204259.0483537868,-3.8,46.2,17.7,보통,45.50238201315285,4319.565730497041,4488.974847399066,68.66039594944607
28260,서구,478203.82,489751.5380357644,-2.4,47.6,44.0,보통,132.57938976470993,3606.924280226915,3694.024681399815,66.46448869343475
28710,강화군,79811.41,92078.94219810658,-13.3,36.7,6.8,여유,413.13990509256615,193.1825248933962,222.87593394657875,30.866684430748638
28720,옹진군,22968.94,28075.11521458625,-18.2,31.8,1.5,여유,185.2433719436896,123.99331624659754,151.55800134711723,25.499909344149373
29110,동구,165473.1,156610.31499824685,5.7,55.7,14.8,보통,48.70194645190385,3397.669129372782,3215.6890310926096,65.73661146722894
29140,서구,346705.04,323329.5205894109,7.2,57.2,31.7,보통,47.488906246525566,7300.758585598421,6808.527425561979,75.05280684556793
29155,남구,125491.07,114574.82875140251,9.5,59.5,11.0,보통,60.53810725753399,2072.926883329056,1892.6067223078508,59.71927939466421
29170,북구,389234.59,372902.0755308555,4.4,54.4,35.7,보통,119.37648454102846,3260.563347098935,3123.7481733908235,65.23497689576273
29200,광산구,375100.28,357518.8064761571,4.9,54.9,34.4,보통,221.9103289760137,1690.3236624039464,1611.0958337356228,57.234911235959885
30110,동구,205669.35,205067.1213671108,0.3,50.3,18.5,보통,137.08795484022724,1500.2729469536748,1495.879937855311,55.782803080527955
30140,중구,257417.62,243874.117477209,5.6,55.6,23.4,보통,62.04339571482719,4148.993088372855,3930.702287768684,68.16969630265648
30170,서구,454472.05,430046.2852251052,5.7,55.7,41.8,보통,95.35042533956845,4766.334794852808,4510.166406637359,69.85914832411449
30200,유성구,389536.46,401123.8114158485,-2.9,47.1,35.7,보통,175.91399133792933,2214.3574654713148,2280.2268788574806,60.52294554146806
30230,대덕구,148225.71,149795.41725596075,-1.0,49.0,13.2,보통,69.07631265153407,2145.825454635181,2168.549702582221,60.14013397191425
31110,중구,177096.78,169259.24628366058,4.6,54.6,15.9,보통,36.94585958637725,4793.413442877357,4581.277798881425,69.92814855629045
31140,남구,354021.2,328545.7188341515,7.8,57.8,32.4,보통,74.481110551792,4753.167580037947,4411.128088721104,69.82545464496515
31170,동구,125384.62,124421.03874789622,0.8,50.8,11.0,보통,36.66168688963008,3420.045028955434,3393.7619707043336,65.81655357763852
31200,북구,185735.42,187390.8161125526,-0.9,49.1,16.7,보통,157.94011559765946,1175.9863496184023,1186.467512724358,52.81816251546025
31710,울주군,235462.16,231812.0511300841,1.6,51.6,21.3,보통,757.044600530122,311.02812150713066,306.2065972965889,36.64469111809696
36110,세종특별자치시,285612.81,290862.6435669706,-1.8,48.2,26.0,보통,464.8425772137552,614.4291078324836,625.7228959326139,44.91923966666776
41110,수원시,1077820.32,1073355.9679375875,0.4,50.4,100.0,보통,120.97620129718712,8909.35827413074,8872.455544382716,77.4782958071762
41111,수원시 장안구,265052.74,263111.1507640252,0.7,50.7,24.1,보통,33.317413987707,7955.381534046895,7897.106025728898,76.09876912883364
41113,수원시 권선구,272075.53,270317.03798036464,0.7,50.7,24.7,보통,47.12046576554206,5774.041609727925,5736.722538469479,72.19520481589416
41115,수원시 팔달구,321572.65,312762.99858941097,2.8,52.8,29.4,보통,12.85778150589845,25009.963799157733,24324.8027232328,90.05165808236588
41117,수원시 영통구,326816.85,330801.0164312763,-1.2,48.8,29.8,보통,27.68054003803962,11806.736774314237,11950.670614687331,80.90811035341252
41130,성남시,888621.39,913560.5664582748,-2.7,47.3,82.3,보통,141.3970505583834,6284.582220709652,6460.95914200885,73.22720517899687
41131,성남시 수정구,221082.05,227613.3792987377,-2.9,47.1,20.0,보통,45.238789924538935,4887.001848828812,5031.376384700182,70.16365976856463
41133,성남시 중원구,139757.1,143113.39795862552,-2.3,47.7,12.4,보통,26.39069504671048,5295.696068354225,5422.8733917511645,71.14189508036515
41135,성남시 분당구,563222.83,577648.6336290323,-2.5,47.5,51.9,보통,69.76756558713399,8072.846246821966,8279.615732149869,76.27730900090677
41150,의정부시,347896.0,351408.68247124826,-1.0,49.0,31.8,보통,81.7587278201867,4255.154272521624,4298.11827850486,68.47741335511598
41170,안양시,453781.07,460643.67965778406,-1.5,48.5,41.7,보통,58.47596436266125,7760.129737847532,7877.487522923515,75.79608244367593
41171,안양시 만안구,179787.74,186956.8835073633,-3.8,46.2,16.1,보통,36.5153834782052,4923.616374104608,5119.948517559771,70.25457365830218
41173,안양시 동안구,283207.27,282795.2788292426,0.1,50.1,25.8,보통,21.96058088445604,12896.164791362942,12877.40430533914,81.98323019747004
41190,부천시,677445.41,671746.1723138149,0.8,50.8,62.6,보통,53.55167546603968,12650.312135044376,12543.887123378789,81.74876250216417
41192,부천시 원미구,426599.89,418174.7393106592,2.0,52.0,39.2,보통,20.609430263133905,20699.256823372783,20290.45606654586,87.74715234665487
41194,부천시 소사구,174547.1,173192.43227629733,0.8,50.8,15.6,보통,12.87927645928601,13552.55480009134,13447.372825934248,82.58797669319641
41196,부천시 오정구,109644.95,112810.26076507714,-2.8,47.2,9.6,보통,20.062968743619773,5465.041161212405,5622.809974269234,71.52528919430016
41210,광명시,231606.53,238378.8290715288,-2.8,47.2,21.0,보통,38.52183895998646,6012.343549864666,6188.147697703074,72.68780225236311
41220,평택시,430289.96,446393.5685813464,-3.6,46.4,39.5,보통,459.1375177877208,937.1701142465596,972.2437206443528,50.055442925681504
41250,동두천시,75487.46,77079.19850771388,-2.1,47.9,6.4,보통,95.84716524380516,787.5815607898633,804.1886091429886,47.939430712849365
41270,안산시,496472.36,505872.4704221599,-1.9,48.1,45.7,보통,172.74734087109573,2873.9797527214514,2928.395122444417,63.69804417775746
41271,안산시 상록구,189324.23,192471.6100192847,-1.6,48.4,17.0,보통,58.35186727445162,3244.527362072823,3298.4653106988944,65.17493292861356
41273,안산시 단원구,325769.0,331201.53017180925,-1.6,48.4,29.7,보통,114.39547359664412,2847.743794030297,2895.232824854753,63.58636272645681
41280,고양시,876987.08,914517.6024863254,-4.1,45.9,81.2,보통,266.38092728100514,3292.229248360813,3433.119674974332,65.35268218955959
41281,고양시 덕양구,373599.2,397187.0871395512,-5.9,44.1,34.2,보통,165.14620914507134,2262.2329748533,2405.063302365272,60.783409910338605
41285,고양시 일산동구,311163.63,316776.4911009818,-1.8,48.2,28.4,보통,59.94187210558723,5191.089618487177,5284.728020222357,70.89889446725655
41287,고양시 일산서구,233560.94,243329.5359992988,-4.0,46.0,21.1,보통,41.29284603034657,5656.208337598079,5892.777064106292,71.94406745558807
41290,과천시,95981.61,111251.78820231416,-13.7,36.3,8.3,여유,35.82075589503451,2679.497056992732,3105.791193472161,62.84475379485678
41310,구리시,242719.36,253419.3305971248,-4.2,45.8,22.0,보통,33.16806763352157,7317.862550264875,7640.461102443139,75.08130986597388
41360,남양주시,509766.08,532394.3415518934,-4.3,45.7,46.9,보통,459.32413922265215,1109.817744093995,1159.0819991583792,52.11328443185334
41370,오산시,202688.34,207407.7172482469,-2.3,47.7,18.2,보통,42.63017199853311,4754.574764722377,4865.279859893217,69.82905995046235
41390,시흥시,335347.87,356982.93401823286,-6.1,43.9,30.6,보통,141.53616174315636,2369.344101675945,2522.203015975837,61.346730064852196
41410,군포시,205275.07,207316.9499042777,-1.0,49.0,18.5,보통,36.37696714288568,5642.995722917106,5699.126842816611,71.91558194756946
41430,의왕시,129503.93,143676.88730364657,-9.9,40.1,11.4,보통,53.86315929375728,2404.313666298617,2667.442630315572,61.52514224857504
41450,하남시,314081.42,327698.3820718794,-4.2,45.8,28.7,보통,92.7615727048274,3385.900118354234,3532.695409494989,65.69435299068006
41460,용인시,865772.38,896520.2966469144,-3.4,46.6,80.2,보통,591.3020547391442,1464.179556050993,1516.1799108620023,55.48633944043073
41461,용인시 처인구,256307.37,272200.86585448805,-5.8,44.2,23.3,보통,467.49733955926143,548.2541788187217,582.2511548645573,43.53339882662509
41463,용인시 기흥구,372148.51,383354.3962650772,-2.9,47.1,34.1,보통,81.69763070599596,4555.193422184362,4692.356350512157,69.30729072416074
41465,용인시 수지구,259678.08,264240.5010252454,-1.7,48.3,23.6,보통,42.10708447388676,6167.087634885826,6275.440447298542,72.99732945472091
41480,파주시,344435.0,363638.08581872366,-5.3,44.7,31.5,보통,688.7715099445438,500.0714968999401,527.9516945292959,42.41491004833164
41500,이천시,219840.73,227981.3414221599,-3.6,46.4,19.9,보통,461.5017222332758,476.3595007536654,493.9988962964734,41.82432468972691
41550,안성시,193299.3,209283.86330329592,-7.6,42.4,17.4,보통,552.8972441178863,349.6116178122703,378.5221675995066,38.06497562743044
41570,김포시,392918.66,415818.5534309257,-5.5,44.5,36.0,보통,280.82891086638733,1399.1389233672692,1480.6828547248958,54.93318528084931
41590,화성시,718435.21,759882.018807153,-5.5,44.5,66.4,보통,794.94320673876,903.7566506761752,955.8947260201834,49.61364799233846
41610,광주시,304518.34,323404.3546732118,-5.8,44.2,27.8,보통,429.6477255064436,708.7628350436433,752.7198108450399,46.65657282271621
41630,양주시,228201.51,242204.9155687237,-5.8,44.2,20.6,보통,310.2504874743375,735.5395695192125,780.6753747284854,47.10770920218326
41650,포천시,138087.3,149977.9004326788,-7.9,42.1,12.2,보통,825.1579633988365,167.34650348790987,181.75659338597168,29.127364676434404
41670,여주시,121398.43,134811.10871143057,-9.9,40.1,10.7,보통,606.8707882714343,200.03999590387645,222.14137064566333,31.289475302897312
41800,연천군,43427.62,47018.35759957924,-7.6,42.4,3.4,보통,696.3817790512982,62.36179823539145,67.51807559300843,17.223256989819053
41820,가평군,94961.27,101708.4059663394,-6.6,43.4,8.2,보통,840.070586994449,113.03963199062402,121.0712617974464,24.382617981765883
41830,양평군,135816.52,149606.61148106592,-9.2,40.8,12.0,보통,876.0891832926138,155.02590671141442,170.76641777358563,28.20148076507147
43110,청주시,664569.77,659765.2307275597,0.7,50.7,61.4,보통,939.2622232973742,707.5444466050824,702.429219831058,46.635642531942025
43111,청주시 상당구,175584.46,171998.0444004208,2.1,52.1,15.7,보통,403.02896372062366,435.662137974068,426.76348323106726,40.738757382400244
43112,청주시 서원구,146173.85,140567.84856030854,4.0,54.0,13.0,보통,122.98132126960373,1188.5857827104724,1143.0016128396528,52.94787897303599
43113,청주시 흥덕구,239605.05,237839.8375213885,0.7,50.7,21.7,보통,198.61935140677315,1206.3529978470626,1197.4655834732418,53.12848410700614
43114,청주시 청원구,163672.44,164362.74062342217,-0.4,49.6,14.6,보통,214.6325869003736,762.5703177867027,765.7865145133563,47.54678724860478
43130,충주시,231578.02,241564.6607601683,-4.1,45.9,20.9,보통,980.8176931413536,236.1070988210909,246.2890529497764,33.299654993414194
43150,제천시,98773.87,102983.04061991585,-4.1,45.9,8.5,보통,881.9904010368086,111.98973354345816,116.76208777199378,24.269942850624748
43720,보은군,38725.67,39909.33147896213,-3.0,47.0,2.9,보통,583.2039020903073,66.40159618479962,68.43118047722234,17.976216118612637
43730,옥천군,61295.2,64559.10513499299,-5.1,44.9,5.0,보통,541.2288930770738,113.25189912075008,119.28244400987556,24.40527239357773
43740,영동군,44170.43,46307.65229417953,-4.6,45.4,3.4,보통,852.0128441818135,51.84244615750692,54.350885213061176,15.011602613732563
43745,증평군,40677.07,42171.82830259467,-3.5,46.5,3.1,보통,81.82914663808897,497.0975706236446,515.3643907483324,42.34239097960937
43750,진천군,67841.0,72290.55037517531,-6.2,43.8,5.7,보통,407.8086794265196,166.35496845089546,177.2658455352981,29.05540059259773
43760,괴산군,38597.0,45905.83745617111,-15.9,34.1,2.9,여유,841.3876476760087,45.87302904506445,54.55967601018071,13.551280402160904
43770,음성군,93294.87,103692.33809081346,-10.0,40.0,8.0,보통,519.0194007582393,179.75218241110994,199.7850907679531,29.993558244363044
43800,단양군,38313.03,39125.96712447406,-2.1,47.9,2.9,보통,779.8360639658656,49.12959501405799,50.17204119221992,14.369555540768847
44130,천안시,483778.55,490704.0898323984,-1.4,48.6,44.5,보통,636.2010589706224,760.4177062873126,771.3034785361108,47.512395106260605
44131,천안시 동남구,252041.19,257776.81402559608,-2.2,47.8,22.9,보통,438.28598672231647,575.0610278116991,588.1475151723592,44.11391385673104
44133,천안시 서북구,256203.95,255613.6507492988,0.2,50.2,23.2,보통,197.915072248306,1294.5145970417266,1291.532008378845,53.98706459673086
44150,공주시,98551.5,110567.92443057505,-10.9,39.1,8.5,여유,863.169636738703,114.17396512272512,128.09524307218646,24.503194712479743
44180,보령시,114034.13,118501.86158134644,-3.8,46.2,10.0,보통,584.1072426832461,195.228070578538,202.87689129992265,30.99434338435847
44200,아산시,271024.2,285535.85067215987,-5.1,44.9,24.6,보통,542.8357238636736,499.2748046701222,526.0078475304412,42.39552503547767
44210,서산시,141094.05,145633.0955403226,-3.1,46.9,12.5,보통,744.2615321205717,189.57590028600657,195.6746241141612,30.638290140884205
44230,논산시,105366.13,109335.64790638148,-3.6,46.4,9.2,보통,553.4665565951562,190.37488127231524,197.546982023626,30.68925717867473
44250,계룡시,38814.35,37990.482017531554,2.2,52.2,2.9,보통,60.76192428102976,638.7939562361436,625.2350047674908,45.39223523795914
44270,당진시,154362.94,167470.51697650773,-7.8,42.2,13.7,보통,709.6187508240088,217.5293984562188,236.00069302289583,32.305683327454574
44710,금산군,50584.61,58151.33975140253,-13.0,37.0,4.0,여유,576.2063048566941,87.78906022658097,100.92104036568136,21.333597346393184
44760,부여군,70167.46,72765.70287237027,-3.6,46.4,5.9,보통,624.0813113992059,112.43320176129424,116.59651001121593,24.317663061923
44770,서천군,57466.74,61843.25208380084,-7.1,42.9,4.7,보통,367.6623864805246,156.30301633546097,168.2066329270175,28.3007900409087
44790,청양군,27651.46,26723.54528260869,3.5,53.5,1.9,보통,479.35364481826105,57.68488525936543,55.74912295230482,16.289130379580058
44800,홍성군,83518.57,86018.33306136045,-2.9,47.1,7.1,보통,443.5190729564031,188.3088577077038,193.9450596520701,30.557025677993977
44810,예산군,85634.5,88314.18992847124,-3.0,47.0,7.3,보통,543.1353433062599,157.6669628581194,162.60070536170792,28.405965383952434
44825,태안군,77735.76,83713.08059642356,-7.1,42.9,6.6,보통,536.3107162381339,144.94537894984666,156.09063563677347,27.38782867946571
46110,목포시,266501.18,252274.71721633943,5.6,55.6,24.2,보통,54.11585831572042,4924.641099568083,4661.752119767353,70.2571083180352
46130,여수시,247819.8,235416.69843127628,5.3,55.3,22.5,보통,528.638950070747,468.78838565874617,445.326055523852,41.62955964159966
46150,순천시,252867.68,243754.99392145863,3.7,53.7,22.9,보통,910.8834870617992,277.6070524844679,267.60282449265765,35.264545504203866
46170,나주시,115453.55,115061.279970547,0.3,50.3,10.1,보통,605.3904621783358,190.7092318312569,190.06126980681148,30.71052229390665
46230,광양시,117635.95,114545.92093723702,2.7,52.7,10.3,보통,470.4935476727469,250.0267019215788,243.45906868187225,33.99462401703558
46710,담양군,63376.9,68076.23338569424,-6.9,43.1,5.2,보통,453.17731642900776,139.850115401635,150.21986078678475,26.954916558092062
46720,곡성군,24308.03,25609.50529628331,-5.1,44.9,1.6,보통,547.8972258872428,44.366039562687234,46.74143997501047,13.153179028117634
46730,구례군,27786.18,28488.254618162693,-2.5,47.5,1.9,보통,439.2638771475114,63.25623718580662,64.85453528106959,17.39402459115609
46770,고흥군,48904.13,47470.89222545582,3.0,53.0,3.9,보통,814.8405111692867,60.01681228369848,58.25789412131172,16.763841399860986
46780,보성군,38976.23,39745.25453436185,-1.9,48.1,3.0,보통,665.8537495319995,58.53572203715118,59.69066715070255,16.464486240183767
46790,화순군,73120.18,73155.0522962833,-0.0,50.0,6.1,보통,787.5497882943707,92.8451522517191,92.8894317332219,22.0082862058962
46800,장흥군,40477.55,40512.84508555399,-0.1,49.9,3.1,보통,621.9894501734638,65.07755073452034,65.13429620752498,17.734523473788936
46810,강진군,36480.09,37040.50651086956,-1.5,48.5,2.7,보통,501.4618730620546,72.74748482320943,73.86505036702141,19.072358521956012
46820,해남군,60564.7,60036.55946914446,0.9,50.9,5.0,보통,1047.4909609302986,57.8188282848868,57.3146324965179,16.316903739283433
46830,영암군,58497.31,61547.215824333805,-5.0,45.0,4.8,보통,611.2174135513061,95.70622286449252,100.69610986167932,22.374141081242957
46840,무안군,108003.95,106542.36084852734,1.4,51.4,9.4,보통,456.66797294144783,236.50432348985385,233.30377245918183,33.320046900575626
46860,함평군,25272.08,26790.313816970545,-5.7,44.3,1.7,보통,389.67393768613033,64.85442713994344,68.75059177950277,17.693317938813962
46870,영광군,49196.34,51358.35374053296,-4.2,45.8,3.9,보통,480.0781966084737,102.47568072774176,106.97914236338066,23.198382476305863
46880,장성군,43002.13,48233.33720511921,-10.8,39.2,3.3,여유,517.6834479897057,83.06645724716142,93.17148808296136,20.667763294314206
46890,완도군,55821.76,53817.46725561009,3.7,53.7,4.5,보통,408.5308234227514,136.64026506571608,131.73416586958308,26.674080068611605
46900,진도군,33793.65,33488.16388253857,0.9,50.9,2.5,보통,451.67007182554585,74.81932522873143,74.14297730019429,19.40988555841909
46910,신안군,35721.64,40979.15542496493,-12.8,37.2,2.7,여유,678.906455743795,52.61643883009501,60.360532851420686,15.188744924839535
47110,포항시,455507.23,437393.9980529453,4.1,54.1,41.9,보통,1133.2381461505709,401.9519035317381,385.96829760690895,39.75999938928611
47111,포항시 남구,213984.02,206124.3861286816,3.8,53.8,19.3,보통,396.40297480313416,539.8143646784462,519.9869810034833,43.344752882593
47113,포항시 북구,271845.0,256847.04637587653,5.8,55.8,24.7,보통,736.8351713474367,368.9359718034118,348.5814146278945,38.71856681626005
47130,경주시,311779.01,300952.86466234224,3.6,53.6,28.4,보통,1320.0987502322278,236.1785509948804,227.9775392631797,33.30332557754609
47150,김천시,120918.36,120831.11351402524,0.1,50.1,10.6,보통,1004.566684689356,120.3686742183689,120.28182434836576,25.14141486244481
47170,안동시,166037.44,163981.23586500704,1.3,51.3,14.8,보통,1526.735136884247,108.7532709431502,107.40647274265208,23.915899205453012
47190,구미시,291159.96,287268.3353148668,1.4,51.4,26.5,보통,613.2591441891927,474.7747551077299,468.42894726775313,41.783814375932415
47210,영주시,97276.06,96667.44784186536,0.6,50.6,8.4,보통,672.5376108188168,144.64032707637878,143.73537819568546,27.362338825761483
47230,영천시,86079.42,87245.71530925666,-1.3,48.7,7.4,보통,915.0595840749064,94.06974310533376,95.34429978946022,22.166225652029993
47250,상주시,90963.31,93943.61822440394,-3.2,46.8,7.8,보통,1251.569597915299,72.67938606971181,75.06064255706029,19.06110412410041
47280,문경시,63824.14,63655.55141760168,0.3,50.3,5.3,보통,913.926486927048,69.83509167635559,69.65062543666363,18.581504324688137
47290,경산시,207300.52,206541.4526802244,0.4,50.4,18.7,보통,410.80612861815735,504.618859259242,502.7711085396291,42.52496924197406
47730,의성군,43967.53,46410.27465883591,-5.3,44.7,3.4,보통,1169.3034218274834,37.60147210660167,39.69053180935887,11.186059855381766
47750,청송군,27568.76,29286.163304698453,-5.9,44.1,1.9,보통,846.7121234411655,32.55977945367832,34.588099655022155,9.480997825973116
47760,영양군,11804.43,12914.955629032258,-8.6,41.4,0.4,보통,819.1373462466637,14.41080675186964,15.766532545743832,0.0
47770,영덕군,58955.0,55060.05130224404,7.1,57.1,4.8,보통,744.5257213437652,79.1846383676234,73.95318888764288,20.09183609750146
47820,청도군,47817.7,49214.44586325386,-2.8,47.2,3.8,보통,692.9165975187253,69.0093153652706,71.0250642566314,18.438651935225685
47830,고령군,28930.57,31062.99414551192,-6.9,43.1,2.0,보통,386.44307410844607,74.86373010240914,80.38181100069302,19.417018247637884
47840,성주군,43697.8,45207.26850455821,-3.3,46.7,3.4,보통,612.5076277475622,71.34245847793676,73.80686616230983,18.838023469537475
47850,칠곡군,106691.06,107674.16061851331,-0.9,49.1,9.3,보통,450.0337505985062,237.07346361936203,239.25796781978227,33.349204889874706
47900,예천군,48188.42,48776.0757275596,-1.2,48.8,3.8,보통,664.1903438434327,72.55212371976201,73.43689377552501,19.040044093433192
47920,봉화군,21446.44,22615.71042531557,-5.2,44.8,1.3,보통,1200.9518929224546,17.857867685117004,18.831487388126263,2.4591362695763825
47930,울진군,60051.49,57165.193673211776,5.0,55.0,4.9,보통,994.4484916717488,60.38672742018901,57.48431834524927,16.837473835404744
47940,울릉군,7329.84,8574.968037868162,-14.5,35.5,0.0,여유,73.87348155301865,99.2215318123244,116.07640329925358,22.80911420583223
48120,창원시,880554.68,851448.6095497897,3.4,53.4,81.6,보통,754.4184403635323,1167.19665491698,1128.615850295893,52.72684400805705
48121,창원시 의창구,222210.44,214870.0042717392,3.4,53.4,20.1,보통,204.0762869062964,1088.8596777636888,1052.890600515477,51.881241859537894
48123,창원시 성산구,246061.11,240973.16851367464,2.1,52.1,22.3,보통,89.05808367603022,2762.928415292488,2705.7978183122755,63.2181509234326
48125,창원시 마산합포구,180490.33,175422.34772545582,2.9,52.9,16.2,보통,242.92402075431988,742.9908719588421,722.1284547355176,47.23033398043043
48127,창원시 마산회원구,161383.94,146915.35280575036,9.8,59.8,14.4,보통,90.8489621328207,1776.398279201666,1617.1384830017198,57.839631459482135
48129,창원시 진해구,140350.44,135203.7116837307,3.8,53.8,12.4,보통,127.5110868940651,1100.6920528926375,1060.3290660996136,52.012789826850096
48170,진주시,234874.96,230811.2522289621,1.8,51.8,21.3,보통,712.399685317458,329.6954853304512,323.9912327110427,37.352540115900474
48220,통영시,134367.01,123304.60259046283,9.0,59.0,11.9,보통,249.12058036778384,539.3653539247144,494.9595188339105,43.33463432529429
48240,사천시,101943.21,101505.76461886396,0.4,50.4,8.8,보통,401.8593417708922,253.67883586023444,252.5902823897381,34.17058494991429
48250,김해시,431078.06,418782.5036420056,2.9,52.9,39.6,보통,461.6728715325583,933.7305407809722,907.0979246664964,50.010697354634324
48270,밀양시,104488.39,106043.35823106593,-1.5,48.5,9.1,보통,801.056396853714,130.43824431138185,132.37939132321938,26.112397629342933
48310,거제시,306700.88,294891.3887664797,4.0,54.0,28.0,보통,409.8107942307469,748.396294869944,719.579359348058,47.318523886091995
48330,양산시,300369.4,291691.5401097476,3.0,53.0,27.4,보통,486.47002541353214,617.4468812228788,599.6084545225376,44.978829983703314
48720,의령군,25997.45,27403.6868197756,-5.1,44.9,1.7,보통,481.4074433534177,54.00300796951821,56.92410285326149,15.499785648385082
48730,함안군,60377.96,62904.42156065919,-4.0,46.0,5.0,보통,415.51490054487766,145.30877213025212,151.38908731833843,27.41812403311573
48740,창녕군,57417.49,59077.64357082749,-2.8,47.2,4.7,보통,529.8522781211391,108.36509036745665,111.49832889332352,23.87273584976714
48820,고성군,52333.83,56070.35449333801,-6.7,43.3,4.2,보통,519.9587255018411,100.64996976344558,107.83616418634269,22.981520585964482
48840,남해군,52144.03,49336.2735,5.7,55.7,4.2,보통,362.6658077726846,143.77983499531717,136.03784101677294,27.290148150578375
48850,하동군,34928.65,36229.96546528752,-3.6,46.4,2.6,보통,676.4966114004282,51.63167030163471,53.55528003353512,14.962913119663249
48860,산청군,31333.26,34488.52444530154,-9.1,40.9,2.2,보통,791.3748175209049,39.5934509239957,43.58051795651242,11.799029130294993
48870,함양군,46303.03,46957.1266171108,-1.4,48.6,3.6,보통,720.434429465916,64.27098443133278,65.17890413971722,17.58490679244453
48880,거창군,55812.99,55932.10491129033,-0.2,49.8,4.5,보통,798.8921051893863,69.86298855308992,70.01208867626875,18.586301121704555
48890,합천군,38630.73,40099.789911290325,-3.7,46.3,2.9,보통,983.073225956498,39.29588252432932,40.790237036793,11.709398339110837
50110,제주시,658666.64,629632.491306101,4.6,54.6,60.8,보통,983.8336616400352,669.4898392702005,639.9786019280064,45.96312722614266
50130,서귀포시,273390.79,271879.47689446004,0.6,50.6,24.9,보통,881.2152040774907,310.24293354788625,308.5279006041208,36.61399689675153
51110,춘천시,298712.22,304491.7061697055,-1.9,48.1,27.2,보통,1114.6287521053143,267.9925665256628,273.17768862016214,34.836719397383106
51130,원주시,329111.4,336087.7672429873,-2.1,47.9,30.1,보통,866.2750720222953,379.91558412468055,387.9688774356622,39.07487319462379
51150,강릉시,291535.56,277927.31307293125,4.9,54.9,26.5,보통,1040.5488003940488,280.1748076491919,267.0968559741572,35.37630837656458
51170,동해시,105167.99,100669.9184877279,4.5,54.5,9.1,보통,181.32563482183,579.9951567980874,555.188562205481,44.21781453946161
51190,태백시,50673.58,49872.51828506311,1.6,51.6,4.0,보통,303.21884368769287,167.1188353062661,164.47697537040423,29.11087842983186
51210,속초시,155567.95,140629.89038674615,10.6,60.6,13.8,혼잡,105.83947457760684,1469.8480942092144,1328.7092641756194,55.53337986047905
51230,삼척시,75178.77,75225.5217331697,-0.1,49.9,6.3,보통,1188.379079690273,63.261606742180135,63.30094749966123,17.395042560486786
51720,홍천군,101873.23,101410.9706237728,0.5,50.5,8.8,보통,1816.1590433522404,56.09268107487098,55.83815525130986,15.954040397892818
51730,횡성군,49838.58,55296.726336255255,-9.9,40.1,4.0,보통,997.1237383900672,49.982342292309895,55.45623297017888,14.57504423180981
51750,영월군,32779.33,35213.26159431978,-6.9,43.1,2.4,보통,1125.9782544969094,29.1118677195466,31.27348281699559,8.160326288084166
51760,평창군,93445.83,85281.92773352034,9.6,59.6,8.0,보통,1462.766071367209,63.882962442968505,58.30182241908958,17.512269441157933
51770,정선군,58058.86,54891.84481065919,5.8,55.8,4.7,보통,1218.5678597683036,47.64515946698218,45.04619449022415,14.003364424458711
51780,철원군,41276.37,43570.746537868166,-5.3,44.7,3.2,보통,889.7014604186213,46.39350595263572,48.972322151036266,13.68580696723695
51790,화천군,33205.06,29865.35369775596,11.2,61.2,2.4,혼잡,906.8448369940093,36.61603247372224,32.93325658306996,10.871024555556291
51800,양구군,22386.54,23498.084565918656,-4.7,45.3,1.4,보통,660.7619223071404,33.87988811739385,35.56210455328886,9.951016785660096
51810,인제군,38529.7,42079.30675666199,-8.4,41.6,2.9,보통,1639.8395381873192,23.49601842299203,25.66062457743671,5.6457901103386945
51820,고성군,58434.63,54307.60465007013,7.6,57.6,4.8,보통,661.2034323368048,88.37617462674405,82.13448689783395,21.413887272485177
51830,양양군,66830.13,65194.29064656381,2.5,52.5,5.6,보통,630.8719979585784,105.93294712121288,103.3399657260494,23.5987585419072
52110,전주시,597420.2,570899.4536048387,4.6,54.6,55.1,보통,205.28242154533464,2910.235545268378,2781.04403342086,63.85071224800875
52111,전주시 완산구,332577.8,312125.58142215986,6.6,56.6,30.4,보통,92.13787041422113,3609.5668209482287,3387.592745729279,66.47340808029047
52113,전주시 덕진구,299877.18,287381.150727209,4.3,54.3,27.3,보통,113.14455113111352,2650.3899392600715,2539.9468896578824,62.711744405798285
52130,군산시,267707.39,264503.0828183731,1.2,51.2,24.3,보통,417.86075463147336,640.6617205200353,632.9933593587846,45.42774751359729
52140,익산시,274770.05,270780.2266739131,1.5,51.5,25.0,보통,507.0328446542964,541.9176546390064,534.048690393096,43.392039419328896
52180,정읍시,91313.93,91082.10050806453,0.3,50.3,7.8,보통,697.1239421935263,130.9866502542967,130.65409892747525,26.16312071710248
52190,남원시,79834.46,78696.45573001403,1.4,51.4,6.8,보통,749.6813876287423,106.49118587900128,104.97320198775716,23.662190340001
52210,김제시,72754.64,74062.51162026648,-1.8,48.2,6.1,보통,546.1554604431844,133.2123273856172,135.60701482352215,26.366836941607914
52710,완주군,92757.64,99924.81733204768,-7.2,42.8,8.0,보통,821.49623582308,112.91304324366564,121.6375839287081,24.369087596262702
52720,진안군,18352.12,20286.04656346424,-9.5,40.5,1.0,보통,788.3964912610671,23.27777990316161,25.73076718164488,5.536769791968657
52730,무주군,52398.49,43500.817936535765,20.5,70.5,4.2,혼잡,629.5283530465746,83.23451953580776,69.10064928134767,20.692093372218
52740,장수군,15259.19,16520.201365708275,-7.6,42.4,0.7,보통,531.7101019984078,28.698326292182603,31.06994075082994,7.9918609916885615
52750,임실군,29444.84,31934.60696879383,-7.8,42.2,2.1,보통,596.1390524623237,49.392570203846745,53.56905714680069,14.433295774501776
52770,순창군,19923.84,22256.913971248247,-10.5,39.5,1.2,여유,499.3927835712431,39.89613117258367,44.56795272868233,11.889528114990751
52790,고창군,52250.7,54021.9001858345,-3.3,46.7,4.2,보통,612.0106310120977,85.37547773245649,88.26954541050551,20.997857285496874
52800,부안군,61116.75,59939.55178295933,2.0,52.0,5.0,보통,540.422610830976,113.09066048517911,110.91236854578273,24.388067894198354
